Marca temporal,¿Qué semestre cursas?,¿Qué edad tienes? ,¿Cual es tu origen? (Lugar de Nacimiento),Género ,¿Conoces acerca de las consecuencias de consumir estas bebidas? (Cafeína y Energeticas),¿Consumes alguna de las siguientes bebidas?,¿Con que frecuencia consumes estas bebidas?,¿En que momento del día sueles consumir estas bebidas?,¿Cual es tu principal motivo para consumir estas bebidas?,¿Cuántas materias cursas en la universidad?,"¿Has experimentado efectos secundarios(Ansiedad, insomnio, etc.) después de consumirlas? ",¿Como consideras que estas bebidas afectan tu rendimiento academico?,¿Cuánto gastas aproximadamente a la semana en estas bebidas?
22/4/2026 10:58:34,3,18,Linares,Otros,Si,Café,5 veces por semana,Tarde,Costumbre,7,No,No tiene efecto,10.000- 20.000
22/4/2026 11:00:30,3,19,Pasto,Femenino,Si,Ninguna,1 vez por semana,Mañana,Costumbre,6,No,No tiene efecto,3
22/4/2026 11:12:13,3,18,PASTO,Masculino,Si,"Café, Bebidas Energéticas",5 veces por semana,Varia,Otro,7,No,No estoy seguro/a,20.000-25.000
22/4/2026 11:28:25,10,22,Pasto,Femenino,Si,Café,4 veces por semana,Mañana,Costumbre,Mas de 7,No,No tiene efecto,20.000-25.000
22/4/2026 11:28:31,10,24,Pasto,Femenino,Si,Bebidas Energéticas,2 veces por semana,Noche,Mantenerme despierto/a,7,Si,No estoy seguro/a,20.000-25.000
22/4/2026 11:28:45,3,21,Pasto (Nariño),Masculino,Si,"Café, Bebidas Energéticas",6 veces por semana,Tarde,Mantenerme despierto/a,7,Si,Mejora mi rendimiento,20.000-25.000
22/4/2026 11:29:14,4,19,Pasto,Masculino,Si,Café,3 veces por semana,Mañana,Sabor,6,No,No tiene efecto,3.000-10.000
22/4/2026 11:40:14,8,21,Pasto ,Femenino,Si,Café,4 veces por semana,Mañana,Costumbre,5,No,No estoy seguro/a,3.000-10.000
23/4/2026 10:27:15,3,20,Pasto,Masculino,Si,"Café, Bebidas Energéticas",1 vez por semana,Varia,Mantenerme despierto/a,6,No,No tiene efecto,3
23/4/2026 10:31:30,2,22,Pasto,Femenino,Si,Café,3 veces por semana,Tarde,Costumbre,7,No,No tiene efecto,3.000-10.000
23/4/2026 10:33:04,5,23,Bogotá ,Masculino,Si,Bebidas Energéticas,4 veces por semana,Varia,Sabor,6,No,No tiene efecto,3.000-10.000
23/4/2026 10:36:49,5,20,Pasto,Femenino,Si,Café,10 veces por semana,Varia,Costumbre,6,No,No tiene efecto,10.000- 20.000
23/4/2026 10:37:22,3,20,Pasto,Femenino,Si,"Café, Bebidas Energéticas",1 vez por semana,Mañana,Sabor,6,Si,No tiene efecto,3
23/4/2026 10:38:24,3,19,Puerto asis,Masculino,Si,Café,4 veces por semana,Mañana,Sabor,7,No,No tiene efecto,3.000-10.000
23/4/2026 10:39:42,3,19,Pasto ,Femenino,Si,Bebidas Energéticas,2 veces por semana,Varia,Sabor,6,Si,No estoy seguro/a,3
23/4/2026 10:39:50,3,24,Tuquerres,Masculino,No,Bebidas Energéticas,2 veces por semana,Tarde,Mantenerme despierto/a,7,Si,Mejora mi rendimiento,10.000- 20.000
23/4/2026 10:40:45,3,24,Tuquerres,Masculino,No,Bebidas Energéticas,3 veces por semana,Tarde,Mantenerme despierto/a,7,Si,Mejora mi rendimiento,10.000- 20.000
23/4/2026 10:41:41,7,23,Pasto,Femenino,No,Bebidas Energéticas,1 vez por semana,Tarde,Mantenerme despierto/a,5,Si,No tiene efecto,10.000- 20.000
23/4/2026 10:43:37,8,19,La cruz nariño,Masculino,Si,Ninguna,1 vez por semana,Tarde,Mantenerme despierto/a,7,Si,No tiene efecto,3
23/4/2026 10:43:42,5,24,Pasto,Femenino,Si,Café,10 veces por semana,Noche,Mantenerme despierto/a,Mas de 7,Si,No estoy seguro/a,3.000-10.000
23/4/2026 10:45:01,3,20,pasto,Masculino,Si,Café,7 veces por semana,Mañana,Costumbre,7,No,Mejora mi rendimiento,No gasto nada
23/4/2026 10:47:03,3,25,Cali valle ,Femenino,Si,Café,2 veces por semana,Mañana,Mantenerme despierto/a,6,No,No tiene efecto,3
23/4/2026 10:47:43,10,19,Pasto,Masculino,Si,"Café, Bebidas Energéticas",1 vez por semana,Varia,Mantenerme despierto/a,7,Si,No tiene efecto,3.000-10.000
23/4/2026 10:48:24,3,21,Pasto,Masculino,No,"Café, Bebidas Energéticas",2 veces por semana,Mañana,Mantenerme despierto/a,7,No,No estoy seguro/a,10.000- 20.000
23/4/2026 10:49:04,3,√289,Un hospital,Masculino,Si,"Café, Bebidas Energéticas, Ninguna, Otros",10 veces por semana,Varia,Costumbre,Mas de 7,No,No tiene efecto,3
23/4/2026 10:49:42,4,20,Pasto,Femenino,Si,Café,10 veces por semana,Varia,Costumbre,5,No,No estoy seguro/a,Más de 25.000
23/4/2026 10:51:52,10,24,Pasto,Femenino,Si,Café,10 veces por semana,Varia,Sabor,6,No,No tiene efecto,10.000- 20.000
23/4/2026 10:52:11,3,22,Pasto ,Masculino,Si,"Café, Bebidas Energéticas",6 veces por semana,Varia,Costumbre,5,Si,No estoy seguro/a,Más de 25.000
23/4/2026 10:52:24,3,19,Policarpa,Masculino,Si,Ninguna,Nunca,Nunca,Otro,7,No,No estoy seguro/a,No gasto nada
23/4/2026 10:53:06,2,19,Pasto ,Femenino,Si,Café,7 veces por semana,Mañana,Costumbre,6,No,No estoy seguro/a,No gasto nada
23/4/2026 10:54:22,10,50,Pasto ,Masculino,Si,Ninguna,Nunca,Nunca,Otro,Mas de 7,No,No estoy seguro/a,No gasto nada
23/4/2026 10:56:03,2,19,Cali,Femenino,Si,Café,5 veces por semana,Mañana,Costumbre,7,No,No tiene efecto,3.000-10.000
23/4/2026 10:58:31,1,22,Pasto,Femenino,Si,"Café, Bebidas Energéticas",3 veces por semana,Noche,Mantenerme despierto/a,5,No,Mejora mi rendimiento,20.000-25.000
23/4/2026 10:58:50,2,21,Pasto Nariño ,Masculino,Si,Café,10 veces por semana,Varia,Costumbre,7,No,No estoy seguro/a,No gasto nada
23/4/2026 11:03:13,,,Pasto ,Femenino,Si,Café,2 veces por semana,Mañana,Costumbre,4,No,No tiene efecto,3
23/4/2026 11:25:21,1,19,Pasto,Femenino,Si,Bebidas Energéticas,1 vez por semana,Tarde,Mantenerme despierto/a,6,No,No tiene efecto,3
23/4/2026 11:29:19,3,21,Pasto,Masculino,No,"Café, Bebidas Energéticas",5 veces por semana,Varia,Mantenerme despierto/a,6,Si,Mejora mi rendimiento,10.000- 20.000
23/4/2026 11:31:39,2,18,La unión Nariño ,Masculino,Si,"Café, Bebidas Energéticas",5 veces por semana,Varia,Mantenerme despierto/a,6,Si,No tiene efecto,10.000- 20.000
23/4/2026 11:33:11,4,19,Pasto - Nariño ,Femenino,Si,"Café, Bebidas Energéticas",2 veces por semana,Varia,Mantenerme despierto/a,6,Si,No estoy seguro/a,3.000-10.000
23/4/2026 11:37:08,2,22,Pasto,Masculino,Si,Bebidas Energéticas,Nunca,Nunca,Otro,7,No,No estoy seguro/a,No gasto nada
23/4/2026 11:38:26,3,22,Pasto,Femenino,Si,"Café, Bebidas Energéticas",6 veces por semana,Mañana,Costumbre,6,Si,No estoy seguro/a,10.000- 20.000
23/4/2026 11:44:10,4,21,"Pasto, Nariño",Masculino,Si,"Café, Bebidas Energéticas",3 veces por semana,Varia,Otro,Mas de 7,No,No tiene efecto,3.000-10.000
23/4/2026 11:44:38,3,20,Pasto Nariño ,Masculino,Si,Café,6 veces por semana,Varia,Mantenerme despierto/a,6,Si,No tiene efecto,3.000-10.000
23/4/2026 11:58:36,2,18,Pasto,Masculino,Si,Bebidas Energéticas,1 vez por semana,Varia,Sabor,4,No,No tiene efecto,3.000-10.000
23/4/2026 12:22:07,3,18,Pasto,Femenino,Si,"Café, Bebidas Energéticas",5 veces por semana,Varia,Mantenerme despierto/a,Mas de 7,No,No estoy seguro/a,20.000-25.000
23/4/2026 12:22:09,3,19,Pasto ,Femenino,Si,Café,6 veces por semana,Mañana,Costumbre,6,No,No tiene efecto,10.000- 20.000
23/4/2026 12:23:29,3,20,Pasto - Nariño,Femenino,Si,"Café, Bebidas Energéticas",1 vez por semana,Mañana,Mantenerme despierto/a,6,No,No tiene efecto,3.000-10.000
23/4/2026 12:24:34,3,22,"Cali, Colombia ",Masculino,Si,Café,9 veces por semana,Mañana,Costumbre,6,No,No tiene efecto,10.000- 20.000
23/4/2026 12:24:50,3,17,Pasto Nariño ,,Si,Bebidas Energéticas,1 vez por semana,Noche,Mantenerme despierto/a,7,No,No estoy seguro/a,3.000-10.000
23/4/2026 12:38:57,3,20,kk,Masculino,Si,"Café, Bebidas Energéticas",1 vez por semana,Mañana,Mantenerme despierto/a,7,No,Mejora mi rendimiento,10.000- 20.000
23/4/2026 13:43:54,3,30,Pasto,Femenino,No,Café,7 veces por semana,Mañana,Costumbre,4,No,No tiene efecto,20.000-25.000
23/4/2026 15:47:30,2,19,Pasto,Masculino,Si,Café,4 veces por semana,Mañana,Sabor,7,No,No estoy seguro/a,3.000-10.000
23/4/2026 15:47:41,2,21,Tuquerres ,Femenino,Si,Café,5 veces por semana,Mañana,Costumbre,Mas de 7,Si,No estoy seguro/a,3.000-10.000
23/4/2026 15:48:21,2,20,Pamplona ,Femenino,Si,Café,5 veces por semana,Varia,Costumbre,6,No,No tiene efecto,10.000- 20.000
23/4/2026 15:48:52,2,20,Pasto,Masculino,Si,"Café, Bebidas Energéticas",10 veces por semana,Varia,Costumbre,Mas de 7,Si,No tiene efecto,Más de 25.000
23/4/2026 15:48:59,2,23,Pasto,Femenino,Si,Café,3 veces por semana,Mañana,Sabor,6,No,No tiene efecto,3
23/4/2026 15:49:08,3,19,pasto ,Femenino,Si,Bebidas Energéticas,1 vez por semana,Noche,Mantenerme despierto/a,Mas de 7,Si,No estoy seguro/a,3.000-10.000
23/4/2026 15:50:43,2,23,Bogota,Masculino,Si,"Café, Bebidas Energéticas, Otros",10 veces por semana,Varia,Mantenerme despierto/a,Mas de 7,No,Mejora mi rendimiento,Más de 25.000
23/4/2026 15:59:35,2,18,Pasto,Femenino,Si,"Café, Bebidas Energéticas",4 veces por semana,Noche,Mantenerme despierto/a,5,No,Mejora mi rendimiento,Más de 25.000
23/4/2026 16:01:37,2,21,Policarpa,Masculino,Si,"Café, Bebidas Energéticas",4 veces por semana,Noche,Mantenerme despierto/a,Mas de 7,Si,Mejora mi rendimiento,10.000- 20.000
23/4/2026 16:07:11,2,22,Armenia quindio ,Femenino,Si,Café,4 veces por semana,Mañana,Costumbre,7,No,No tiene efecto,10.000- 20.000
23/4/2026 16:07:40,7,25,Armenia ,Femenino,Si,Café,7 veces por semana,Varia,Costumbre,6,No,No tiene efecto,3.000-10.000
23/4/2026 16:32:40,2,25,Pasto Nariño ,Masculino,Si,Café,5 veces por semana,Mañana,Costumbre,6,No,No tiene efecto,3.000-10.000
23/4/2026 16:35:28,2,18,pasto ,Masculino,Si,Café,3 veces por semana,Tarde,Mejorar la concentración,6,Si,No tiene efecto,3.000-10.000
23/4/2026 16:38:50,2,29,Pasto,Masculino,Si,Café,10 veces por semana,Varia,Sabor,Mas de 7,No,No tiene efecto,Más de 25.000
23/4/2026 16:40:46,3,19,Pasto Nariño,Masculino,Si,"Café, Bebidas Energéticas",2 veces por semana,Varia,Sabor,Mas de 7,No,No tiene efecto,3.000-10.000
23/4/2026 16:42:23,8,24,Pasto,Masculino,No,Café,3 veces por semana,Tarde,Sabor,7,No,No estoy seguro/a,No gasto nada
23/4/2026 17:04:49,5,21,Pasto,Femenino,Si,Bebidas Energéticas,2 veces por semana,Tarde,Mantenerme despierto/a,7,No,Mejora mi rendimiento,3.000-10.000
23/4/2026 20:07:47,3,20,Pasto,Femenino,Si,Café,4 veces por semana,Varia,Costumbre,7,No,Lo empeora,3.000-10.000
24/4/2026 7:11:24,10,24,Pasto ,Masculino,Si,Café,3 veces por semana,Mañana,Costumbre,Mas de 7,No,No tiene efecto,No gasto nada
27/4/2026 10:43:06,3,22,Pasto,Masculino,Si,"Café, Bebidas Energéticas",6 veces por semana,Mañana,Costumbre,Mas de 7,No,No tiene efecto,3
27/4/2026 10:47:27,2,29,Pasto,Masculino,Si,"Café, Bebidas Energéticas, Otros",1 vez por semana,Tarde,Otro,Mas de 7,No,No estoy seguro/a,3.000-10.000
27/4/2026 10:51:09,2,21,Pasto ,Femenino,Si,Café,6 veces por semana,Mañana,Costumbre,6,No,No tiene efecto,3.000-10.000
27/4/2026 10:51:53,2,21,Pasto,Masculino,Si,Café,3 veces por semana,Tarde,Costumbre,6,No,No tiene efecto,10.000- 20.000
27/4/2026 10:52:49,7,35,Pasto,Femenino,Si,Café,10 veces por semana,Mañana,Mejorar la concentración,6,No,No tiene efecto,3
27/4/2026 10:54:30,2,18,Pasto ,Femenino,Si,Bebidas Energéticas,1 vez por semana,Varia,Mantenerme despierto/a,Mas de 7,Si,No estoy seguro/a,3.000-10.000
27/4/2026 10:57:35,2,19,Buesaco,Femenino,Si,Café,5 veces por semana,Mañana,Costumbre,6,No,No tiene efecto,10.000- 20.000
27/4/2026 11:00:32,1,24,Cali,Femenino,Si,Café,7 veces por semana,Mañana,Costumbre,7,No,No estoy seguro/a,3.000-10.000
27/4/2026 13:20:36,8,20,Madrid - España ,Femenino,Si,Café,10 veces por semana,Varia,Costumbre,Mas de 7,Si,No tiene efecto,10.000- 20.000
27/4/2026 14:28:08,3,23,Pasto nariño,Femenino,Si,Café,10 veces por semana,Mañana,Sabor,5,No,No tiene efecto,Más de 25.000